Max Length,Number of Units,Learning Rate,Training Loss,Training Accuracy,Validation Loss,Validation Accuracy,Validation MRR,Validation Precision,Validation Recall,Validation Accuracy Adjusted
768,768,0.0003,0.23898263275623322,0.9028533101081848,0.24154381453990936,0.9028086066246033,0.6871459415466583,0.5083415112855741,0.5066840560808608,0.9015022860875245
768,768,0.00025,0.2378515750169754,0.9029757380485535,0.2413853108882904,0.9024167060852051,0.6941728095549106,0.5164978765109441,0.5154874470166286,0.9031352057478772
768,768,0.0002,0.23550455272197723,0.9033471941947937,0.23945288360118866,0.9017962217330933,0.695727323152208,0.5196206671026815,0.5180958591457451,0.9037557152188113
768,768,0.00015,0.23720088601112366,0.9032002687454224,0.245730459690094,0.8992161750793457,0.6973417104703832,0.5214262348707883,0.5197261167264428,0.9041149575440889
768,768,0.0001,0.24547094106674194,0.901665449142456,0.24917389452457428,0.8984323740005493,0.6870536686261685,0.507360157016683,0.5057059015324421,0.9013063357282821
768,768,0.001,0.24392016232013702,0.9015429615974426,0.2482055127620697,0.8979752063751221,0.6840989912185195,0.5035971223021583,0.5021193348549071,0.9005551926845199
768,768,0.01,0.2909073233604431,0.8987019062042236,0.29036852717399597,0.8998367190361023,0.5199077529988689,0.3082236842105263,0.3055102706227584,0.8617570215545395
