Max Length,Number of Units,Learning Rate,Training Loss,Training Accuracy,Validation Loss,Validation Accuracy,Validation MRR,Validation Precision,Validation Recall,Validation Accuracy Adjusted
781,781,0.0003,0.2757861912250519,0.9003020524978638,0.28514230251312256,0.8997713923454285,0.5716573097778186,0.3749591369728669,0.3739810890120639,0.8748530372305683
781,781,0.00025,0.2735859453678131,0.9009102582931519,0.28146564960479736,0.8992815017700195,0.5603600976641462,0.35732984293193715,0.35604825562438863,0.8713585891574135
781,781,0.0002,0.27344566583633423,0.900759220123291,0.280016154050827,0.8988896012306213,0.5675765657885176,0.3668193717277487,0.3655037495924356,0.8732527759634225
781,781,0.00015,0.2748623490333557,0.9004735350608826,0.2830672562122345,0.8981384634971619,0.5574362642945255,0.35469107551487417,0.3537658950114118,0.8708033964728935
781,781,0.0001,0.2758108079433441,0.9004245400428772,0.28258955478668213,0.8988242745399475,0.5593837153846937,0.3599215429879045,0.3589827192696446,0.8718484650555193
781,781,0.001,0.2759654223918915,0.9004572033882141,0.289445698261261,0.8972240090370178,0.5529540294236562,0.3508829300196207,0.3498532768177372,0.8700522534291313
781,781,0.01,0.2923852503299713,0.8996244668960571,0.30003151297569275,0.8999673128128052,0.5006453920562338,0.29215686274509806,0.2914900554287577,0.8582952318745918
