Max Length,Number of Units,Learning Rate,Training Loss,Training Accuracy,Validation Loss,Validation Accuracy,Validation MRR,Validation Precision,Validation Recall,Validation Accuracy Adjusted
868,868,0.0003,0.267873615026474,0.9008694291114807,0.28118371963500977,0.8994121551513672,0.5771449566109911,0.381139489194499,0.37952396478643624,0.8761267145656434
868,868,0.00025,0.26755180954933167,0.9010449647903442,0.2789698839187622,0.8996734023094177,0.5815216996879297,0.3841623036649215,0.38278447994783177,0.8767145656433704
868,868,0.0002,0.2662389874458313,0.9008368253707886,0.27330777049064636,0.900032639503479,0.5868723627051515,0.3895253682487725,0.38800130420606455,0.8777922926192031
868,868,0.00015,0.26730117201805115,0.9011266231536865,0.27463090419769287,0.899020254611969,0.5769697417394993,0.3788474132285527,0.3772416041734594,0.8756694970607446
868,868,0.0001,0.2692286968231201,0.9009429216384888,0.2847547233104706,0.894644021987915,0.5613905218085484,0.3591756624141315,0.35800456472122594,0.871717831482691
868,868,0.001,0.2795808017253876,0.8996979594230652,0.2850707471370697,0.8985956907272339,0.5598802007195208,0.3570961412688031,0.35604825562438863,0.8712932723709993
868,868,0.01,0.2785186469554901,0.8995591402053833,0.28526636958122253,0.8964076042175293,0.5565932371206683,0.3539417729800458,0.35278774046299316,0.8706727629000653
